{"cameraMode":{"drawMode":0,"name":"Shaded","section":"Shading Mode"},"sceneLighting":true,"audioPlay":false,"sceneViewState":{"showFog":true,"showMaterialUpdate":false,"showSkybox":true,"showFlares":true,"showImageEffects":true,"showParticleSystems":true},"in2DMode":false,"pivot":{"x":-96.49241638183594,"y":-28.26090431213379,"z":12.85975170135498},"rotation":{"x":-0.2738102376461029,"y":-0.6559339165687561,"z":0.2779504358768463,"w":-0.6461596488952637},"size":14.53404426574707,"orthographic":true}