{"cameraMode":{"drawMode":0,"name":"Shaded","section":"Shading Mode"},"sceneLighting":true,"audioPlay":false,"sceneViewState":{"showFog":true,"showMaterialUpdate":false,"showSkybox":true,"showFlares":true,"showImageEffects":true,"showParticleSystems":true},"in2DMode":false,"pivot":{"x":154.7351531982422,"y":-5.1875762939453129,"z":74.62396240234375},"rotation":{"x":-0.0009757585357874632,"y":0.5722365379333496,"z":0.000680839701090008,"w":0.820087730884552},"size":196.38290405273438,"orthographic":false}