{"cameraMode":{"drawMode":0,"name":"Shaded","section":"Shading Mode"},"sceneLighting":true,"audioPlay":false,"sceneViewState":{"showFog":true,"showMaterialUpdate":false,"showSkybox":true,"showFlares":true,"showImageEffects":true,"showParticleSystems":true},"in2DMode":false,"pivot":{"x":-25.714031219482423,"y":4.264097213745117,"z":5.913058757781982},"rotation":{"x":0.034769780933856967,"y":0.6685035228729248,"z":-0.03131613880395889,"w":0.7422354817390442},"size":9.693490028381348,"orthographic":false}