{"cameraMode":{"drawMode":0,"name":"Shaded","section":"Shading Mode"},"sceneLighting":false,"audioPlay":false,"sceneViewState":{"showFog":true,"showMaterialUpdate":false,"showSkybox":true,"showFlares":true,"showImageEffects":true,"showParticleSystems":true},"in2DMode":false,"pivot":{"x":-0.004487395286560059,"y":0.8387596607208252,"z":-0.001938551664352417},"rotation":{"x":0.05671614408493042,"y":0.6178479194641113,"z":-0.04475518688559532,"w":0.7829714417457581},"size":4.1157636642456059,"orthographic":false}