{"cameraMode":{"drawMode":0,"name":"Shaded","section":"Shading Mode"},"sceneLighting":false,"audioPlay":false,"sceneViewState":{"showFog":true,"showMaterialUpdate":false,"showSkybox":true,"showFlares":true,"showImageEffects":true,"showParticleSystems":true},"in2DMode":false,"pivot":{"x":-0.1322655826807022,"y":0.7810428142547607,"z":-0.022499293088912965},"rotation":{"x":0.05671614408493042,"y":0.6178479194641113,"z":-0.04475518688559532,"w":0.7829714417457581},"size":3.510496139526367,"orthographic":false}