{"cameraMode":{"drawMode":0,"name":"Shaded","section":"Shading Mode"},"sceneLighting":true,"audioPlay":false,"sceneViewState":{"showFog":true,"showMaterialUpdate":false,"showSkybox":true,"showFlares":true,"showImageEffects":true,"showParticleSystems":true},"in2DMode":false,"pivot":{"x":-3945.749267578125,"y":-7.377309799194336,"z":-10211.216796875},"rotation":{"x":0.07723474502563477,"y":0.8815001249313355,"z":-0.4392858147621155,"w":0.15498490631580354},"size":37.06656265258789,"orthographic":false}