{"cameraMode":{"drawMode":0,"name":"Shaded","section":"Shading Mode"},"sceneLighting":true,"audioPlay":false,"sceneViewState":{"showFog":true,"showMaterialUpdate":false,"showSkybox":true,"showFlares":true,"showImageEffects":true,"showParticleSystems":true},"in2DMode":false,"pivot":{"x":-3915.04736328125,"y":-45.178977966308597,"z":-10217.2373046875},"rotation":{"x":0.039227213710546496,"y":0.5446025729179382,"z":-0.025511063635349275,"w":0.8373878598213196},"size":80.84307098388672,"orthographic":false}