{"cameraMode":{"drawMode":0,"name":"Shaded","section":"Shading Mode"},"sceneLighting":true,"audioPlay":false,"sceneViewState":{"showFog":true,"showMaterialUpdate":false,"showSkybox":true,"showFlares":true,"showImageEffects":true,"showParticleSystems":true},"in2DMode":false,"pivot":{"x":-47.8811149597168,"y":-4.276587009429932,"z":12.390960693359375},"rotation":{"x":0.016147086396813394,"y":0.6540108323097229,"z":-0.013978874310851097,"w":0.7561836242675781},"size":13.543376922607422,"orthographic":false}