{"cameraMode":{"drawMode":0,"name":"Shaded","section":"Shading Mode"},"sceneLighting":false,"audioPlay":false,"sceneViewState":{"showFog":true,"showMaterialUpdate":false,"showSkybox":true,"showFlares":true,"showImageEffects":true,"showParticleSystems":true},"in2DMode":false,"pivot":{"x":-0.01587262749671936,"y":0.8018755316734314,"z":0.00965699553489685},"rotation":{"x":0.1319432407617569,"y":-0.7195670008659363,"z":0.14238236844539643,"w":0.6667395234107971},"size":3.3132667541503908,"orthographic":false}