{"cameraMode":{"drawMode":0,"name":"Shaded","section":"Shading Mode"},"sceneLighting":true,"audioPlay":false,"sceneViewState":{"showFog":true,"showMaterialUpdate":false,"showSkybox":true,"showFlares":true,"showImageEffects":true,"showParticleSystems":true},"in2DMode":false,"pivot":{"x":-29.574792861938478,"y":-4.29068660736084,"z":13.144246101379395},"rotation":{"x":-0.008414500392973423,"y":-0.986449122428894,"z":-0.15483352541923524,"w":0.053608670830726626},"size":3.4210495948791506,"orthographic":false}