{"cameraMode":{"drawMode":0,"name":"Shaded","section":"Shading Mode"},"sceneLighting":false,"audioPlay":false,"sceneViewState":{"showFog":true,"showMaterialUpdate":false,"showSkybox":true,"showFlares":true,"showImageEffects":true,"showParticleSystems":true},"in2DMode":false,"pivot":{"x":-0.01587262749671936,"y":0.8018755316734314,"z":0.00965699553489685},"rotation":{"x":-0.00012303002586122602,"y":-0.9976401925086975,"z":-0.06863609701395035,"w":0.0017874641343951226},"size":3.3132667541503908,"orthographic":false}