{"cameraMode":{"drawMode":0,"name":"Shaded","section":"Shading Mode"},"sceneLighting":true,"audioPlay":false,"sceneViewState":{"showFog":true,"showMaterialUpdate":false,"showSkybox":true,"showFlares":true,"showImageEffects":true,"showParticleSystems":true},"in2DMode":false,"pivot":{"x":-12.86136531829834,"y":1.3521431684494019,"z":12.519577980041504},"rotation":{"x":-0.018534163013100625,"y":-0.6969444155693054,"z":0.01803683303296566,"w":-0.7166587710380554},"size":3.9932568073272707,"orthographic":false}