{"cameraMode":{"drawMode":0,"name":"Shaded","section":"Shading Mode"},"sceneLighting":false,"audioPlay":false,"sceneViewState":{"showFog":true,"showMaterialUpdate":false,"showSkybox":true,"showFlares":true,"showImageEffects":true,"showParticleSystems":true},"in2DMode":false,"pivot":{"x":-1830.281494140625,"y":0.7818755507469177,"z":1806.1646728515625},"rotation":{"x":-0.00012303002586122602,"y":-0.9976401925086975,"z":-0.06863609701395035,"w":0.0017874641343951226},"size":3.5233709812164308,"orthographic":false}