{"cameraMode":{"drawMode":0,"name":"Shaded","section":"Shading Mode"},"sceneLighting":false,"audioPlay":false,"sceneViewState":{"showFog":true,"showMaterialUpdate":false,"showSkybox":true,"showFlares":true,"showImageEffects":true,"showParticleSystems":true},"in2DMode":false,"pivot":{"x":-0.10829019546508789,"y":1.0663840770721436,"z":-0.017617225646972657},"rotation":{"x":0.005862950347363949,"y":-0.9747093319892883,"z":0.22191599011421204,"w":0.02570553682744503},"size":1.6145589351654053,"orthographic":false}