{"cameraMode":{"drawMode":0,"name":"Shaded","section":"Shading Mode"},"sceneLighting":false,"audioPlay":false,"sceneViewState":{"showFog":true,"showMaterialUpdate":false,"showSkybox":true,"showFlares":true,"showImageEffects":true,"showParticleSystems":true},"in2DMode":false,"pivot":{"x":-0.0005817413330078125,"y":0.6625070571899414,"z":-0.0690605640411377},"rotation":{"x":0.002321771578863263,"y":0.9974817037582398,"z":-0.039235711097717288,"w":0.059037428349256518},"size":5.518474102020264,"orthographic":false}