{"cameraMode":{"drawMode":0,"name":"Shaded","section":"Shading Mode"},"sceneLighting":false,"audioPlay":false,"sceneViewState":{"showFog":true,"showMaterialUpdate":false,"showSkybox":true,"showFlares":true,"showImageEffects":true,"showParticleSystems":true},"in2DMode":false,"pivot":{"x":-0.004487395286560059,"y":0.8387596607208252,"z":-0.001938551664352417},"rotation":{"x":0.01335703581571579,"y":-0.6554430723190308,"z":-0.011597470380365849,"w":-0.7550374269485474},"size":4.1157636642456059,"orthographic":false}