{"cameraMode":{"drawMode":0,"name":"Shaded","section":"Shading Mode"},"sceneLighting":false,"audioPlay":false,"sceneViewState":{"showFog":true,"showMaterialUpdate":false,"showSkybox":true,"showFlares":true,"showImageEffects":true,"showParticleSystems":true},"in2DMode":false,"pivot":{"x":-0.1322655826807022,"y":0.7810428142547607,"z":-0.022499293088912965},"rotation":{"x":0.01335703581571579,"y":-0.6554430723190308,"z":-0.011597470380365849,"w":-0.7550374269485474},"size":3.510496139526367,"orthographic":false}