{"cameraMode":{"drawMode":0,"name":"Shaded","section":"Shading Mode"},"sceneLighting":true,"audioPlay":false,"sceneViewState":{"showFog":true,"showMaterialUpdate":false,"showSkybox":true,"showFlares":true,"showImageEffects":true,"showParticleSystems":true},"in2DMode":false,"pivot":{"x":-63.47722244262695,"y":-26.2908992767334,"z":15.364472389221192},"rotation":{"x":-0.4412127435207367,"y":0.42384588718414309,"z":-0.24909129738807679,"w":-0.7507593035697937},"size":11.344902992248536,"orthographic":true}