{"cameraMode":{"drawMode":0,"name":"Shaded","section":"Shading Mode"},"sceneLighting":false,"audioPlay":false,"sceneViewState":{"showFog":true,"showMaterialUpdate":false,"showSkybox":true,"showFlares":true,"showImageEffects":true,"showParticleSystems":true},"in2DMode":false,"pivot":{"x":-0.0005817413330078125,"y":0.6625070571899414,"z":-0.0690605640411377},"rotation":{"x":-0.4412127435207367,"y":0.42384588718414309,"z":-0.24909129738807679,"w":-0.7507593035697937},"size":5.518474102020264,"orthographic":true}