{"cameraMode":{"drawMode":0,"name":"Shaded","section":"Shading Mode"},"sceneLighting":false,"audioPlay":false,"sceneViewState":{"showFog":true,"showMaterialUpdate":false,"showSkybox":true,"showFlares":true,"showImageEffects":true,"showParticleSystems":true},"in2DMode":false,"pivot":{"x":0.16123071312904359,"y":0.8809995055198669,"z":0.19900467991828919},"rotation":{"x":-0.4412127435207367,"y":0.42384588718414309,"z":-0.24909129738807679,"w":-0.7507593035697937},"size":4.47470760345459,"orthographic":true}