{"cameraMode":{"drawMode":0,"name":"Shaded","section":"Shading Mode"},"sceneLighting":true,"audioPlay":false,"sceneViewState":{"showFog":true,"showMaterialUpdate":false,"showSkybox":true,"showFlares":true,"showImageEffects":true,"showParticleSystems":true},"in2DMode":false,"pivot":{"x":-43.85266876220703,"y":-34.71947479248047,"z":169.66197204589845},"rotation":{"x":0.09008029848337174,"y":-0.048691753298044208,"z":0.004409565590322018,"w":0.9947338104248047},"size":171.65911865234376,"orthographic":false}