{"cameraMode":{"drawMode":0,"name":"Shaded","section":"Shading Mode"},"sceneLighting":false,"audioPlay":false,"sceneViewState":{"showFog":true,"showMaterialUpdate":false,"showSkybox":true,"showFlares":true,"showImageEffects":true,"showParticleSystems":true},"in2DMode":false,"pivot":{"x":-1830.496826171875,"y":0.7245663404464722,"z":1805.5382080078125},"rotation":{"x":0.039271626621484759,"y":-0.9604664444923401,"z":0.18316662311553956,"w":0.20594166219234467},"size":2.623371124267578,"orthographic":false}