{"cameraMode":{"drawMode":0,"name":"Shaded","section":"Shading Mode"},"sceneLighting":false,"audioPlay":false,"sceneViewState":{"showFog":true,"showMaterialUpdate":false,"showSkybox":true,"showFlares":true,"showImageEffects":true,"showParticleSystems":true},"in2DMode":false,"pivot":{"x":-0.01587262749671936,"y":0.8018755316734314,"z":0.00965699553489685},"rotation":{"x":-0.4412127435207367,"y":0.42384588718414309,"z":-0.24909129738807679,"w":-0.7507593035697937},"size":3.3132667541503908,"orthographic":true}