{"cameraMode":{"drawMode":0,"name":"Shaded","section":"Shading Mode"},"sceneLighting":false,"audioPlay":false,"sceneViewState":{"showFog":true,"showMaterialUpdate":false,"showSkybox":true,"showFlares":true,"showImageEffects":true,"showParticleSystems":true},"in2DMode":false,"pivot":{"x":-1830.281494140625,"y":0.7818755507469177,"z":1806.1646728515625},"rotation":{"x":-0.053391359746456149,"y":-0.8659741878509522,"z":0.09471522271633148,"w":-0.4881261885166168},"size":3.5233709812164308,"orthographic":false}