{"cameraMode":{"drawMode":0,"name":"Shaded","section":"Shading Mode"},"sceneLighting":true,"audioPlay":false,"sceneViewState":{"showFog":true,"showMaterialUpdate":false,"showSkybox":true,"showFlares":true,"showImageEffects":true,"showParticleSystems":true},"in2DMode":false,"pivot":{"x":-17.182937622070314,"y":-14.338150978088379,"z":10.210034370422364},"rotation":{"x":0.6352729797363281,"y":0.31144121289253237,"z":-0.31201863288879397,"w":0.6340955495834351},"size":4.706494331359863,"orthographic":true}