{"cameraMode":{"drawMode":0,"name":"Shaded","section":"Shading Mode"},"sceneLighting":true,"audioPlay":false,"sceneViewState":{"showFog":true,"showMaterialUpdate":false,"showSkybox":true,"showFlares":true,"showImageEffects":true,"showParticleSystems":true},"in2DMode":false,"pivot":{"x":-37.08314895629883,"y":-8.367252349853516,"z":2.0963385105133058},"rotation":{"x":0.32553085684776308,"y":0.469576358795166,"z":-0.19155162572860719,"w":0.7980199456214905},"size":4.673489093780518,"orthographic":true}